exchange,symbol,amount,value,timestamp
Binance,BTC,0.00354089,103.94869424221078,2022-05-21 10:21:56.207780+00:00
Binance,ETH,0.10135461,200.18708373959834,2022-05-21 10:21:56.207780+00:00
Binance,USDT,1.45451913,1.45451913,2022-05-21 10:21:56.207780+00:00
Binance,XRP,0.20527000,0.0844143972984,2022-05-21 10:21:56.207780+00:00
Binance,ADA,0.79000000,0.41695347590000004,2022-05-21 10:21:56.207780+00:00
Binance,MATIC,18.98100000,12.230309028420002,2022-05-21 10:21:56.207780+00:00
Binance,CHZ,299.70000000,35.712725526,2022-05-21 10:21:56.207780+00:00
Binance,ALGO,0.00309000,0.0013270284954,2022-05-21 10:21:56.207780+00:00
Binance,DOGE,110.85000000,9.351526591499999,2022-05-21 10:21:56.207780+00:00
Binance,BUSD,0.06203243,0.06203243,2022-05-21 10:21:56.207780+00:00
Binance,EUR,0.04496569,0.0474445967791565,2022-05-21 10:21:56.207780+00:00
Binance,BIDR,74480.44,5.064694838298605,2022-05-21 10:21:56.207780+00:00
Binance,DOT,1.02897000,10.116475431766201,2022-05-21 10:21:56.207780+00:00
Binance,SAND,11.98800000,15.809344869959999,2022-05-21 10:21:56.207780+00:00
Binance,LUNA,2746738.04244000,307.4698564707336,2022-05-21 10:21:56.207780+00:00
Binance,AAVE,0.17982000,16.4052444602736,2022-05-21 10:21:56.207780+00:00
Binance,FIL,2.00799000,16.1575219920123,2022-05-21 10:21:56.207780+00:00
Binance,1INCH,9.39060000,8.686561081662,2022-05-21 10:21:56.207780+00:00
Binance,PHA,30.00000000,3.7821402,2022-05-21 10:21:56.207780+00:00
Binance,LINA,300.00000000,2.689356,2022-05-21 10:21:56.207780+00:00
Binance,SHIB,1558718.00,18.096715980000003,2022-05-21 10:21:56.207780+00:00
Binance,UST,352.00000000,90.58379616,2022-05-21 10:21:56.207780+00:00
GateIO,ATLAS,382.66314,3.2709279880919997,2022-05-21 10:21:56.207780+00:00
GateIO,KISHU,3489545661.522,2.170497401466684,2022-05-21 10:21:56.207780+00:00
GateIO,DAO,30.253372,52.308080188,2022-05-21 10:21:56.207780+00:00
GateIO,USDG,0.00083975,0.0008275736250000001,2022-05-21 10:21:56.207780+00:00
GateIO,BTRST,100,250.1,2022-05-21 10:21:56.207780+00:00
GateIO,BLOK,582.239188,5.6477201236,2022-05-21 10:21:56.207780+00:00
GateIO,USDT,0.402639614867,0.402639614867,2022-05-21 10:21:56.207780+00:00
GateIO,10SET,8.966032,26.916028064,2022-05-21 10:21:56.207780+00:00
GateIO,SFM,8469.93209818,5.028598686689465,2022-05-21 10:21:56.207780+00:00
GateIO,LSS,274.234885088,50.86234413727136,2022-05-21 10:21:56.207780+00:00
GateIO,ADA,16.840252,8.8924950686,2022-05-21 10:21:56.207780+00:00
GateIO,LUNA,211587.976,23.403322849408,2022-05-21 10:21:56.207780+00:00
Kucoin,ETH,0.09243092,182.2052128231244,2022-05-21 10:21:56.207780+00:00
Kucoin,DOGE,951.31775893,80.01731544454088,2022-05-21 10:21:56.207780+00:00
Kucoin,DAG,311.68861024,33.61524258805171,2022-05-21 10:21:56.207780+00:00
Kucoin,LUNA,198531.39125899,22.009190034971635,2022-05-21 10:21:56.207780+00:00
Kucoin,HAI,804.3102,19.236260768994,2022-05-21 10:21:56.207780+00:00
Kucoin,HERO,981.28202638,15.276765404628325,2022-05-21 10:21:56.207780+00:00
Kucoin,AMPL,16.80331879,15.250483772651004,2022-05-21 10:21:56.207780+00:00
Kucoin,BLOK,951.98009133,9.208922294675276,2022-05-21 10:21:56.207780+00:00
Kucoin,NAKA,42.60645874,5.607669518165296,2022-05-21 10:21:56.207780+00:00
Kucoin,NTVRK,11.48834642,4.3261902773730245,2022-05-21 10:21:56.207780+00:00
Kucoin,ADA,1,0.52656478,2022-05-21 10:21:56.207780+00:00
Kucoin,1EARTH,0.00004227,4.266670395e-07,2022-05-21 10:21:56.207780+00:00
Kucoin,USDT,0,0.0,2022-05-21 10:21:56.207780+00:00
Binance,BTC,0.00354089,103.93826900370362,2022-05-21 10:22:23.634235+00:00
Binance,ETH,0.10135461,200.180975511794,2022-05-21 10:22:23.634235+00:00
Binance,USDT,1.45451913,1.45451913,2022-05-21 10:22:23.634235+00:00
Binance,XRP,0.20527000,0.08441108629329999,2022-05-21 10:22:23.634235+00:00
Binance,ADA,0.79000000,0.416866805,2022-05-21 10:22:23.634235+00:00
Binance,MATIC,18.98100000,12.22896384495,2022-05-21 10:22:23.634235+00:00
Binance,CHZ,299.70000000,35.701513749,2022-05-21 10:22:23.634235+00:00
Binance,ALGO,0.00309000,0.0013268748606,2022-05-21 10:22:23.634235+00:00
Binance,DOGE,110.85000000,9.3488506725,2022-05-21 10:22:23.634235+00:00
Binance,BUSD,0.06203243,0.06203243,2022-05-21 10:22:23.634235+00:00
Binance,EUR,0.04496569,0.047444503250521304,2022-05-21 10:22:23.634235+00:00
Binance,BIDR,74480.44,5.064691394291512,2022-05-21 10:22:23.634235+00:00
Binance,DOT,1.02897000,10.1162861938935,2022-05-21 10:22:23.634235+00:00
Binance,SAND,11.98800000,15.80690998728,2022-05-21 10:22:23.634235+00:00
Binance,LUNA,2746738.04244000,307.14024790564076,2022-05-21 10:22:23.634235+00:00
Binance,AAVE,0.17982000,16.403941995242402,2022-05-21 10:22:23.634235+00:00
Binance,FIL,2.00799000,16.1577074700486,2022-05-21 10:22:23.634235+00:00
Binance,1INCH,9.39060000,8.686515912875999,2022-05-21 10:22:23.634235+00:00
Binance,PHA,30.00000000,3.7821402,2022-05-21 10:22:23.634235+00:00
Binance,LINA,300.00000000,2.6870399999999997,2022-05-21 10:22:23.634235+00:00
Binance,SHIB,1558718.00,18.096715980000003,2022-05-21 10:22:23.634235+00:00
Binance,UST,352.00000000,90.58379616,2022-05-21 10:22:23.634235+00:00
GateIO,ATLAS,382.66314,3.2709279880919997,2022-05-21 10:22:23.634235+00:00
GateIO,KISHU,3489545661.522,2.170497401466684,2022-05-21 10:22:23.634235+00:00
GateIO,DAO,30.253372,52.308080188,2022-05-21 10:22:23.634235+00:00
GateIO,USDG,0.00083975,0.0008275736250000001,2022-05-21 10:22:23.634235+00:00
GateIO,BTRST,100,250.1,2022-05-21 10:22:23.634235+00:00
GateIO,BLOK,582.239188,5.64189773172,2022-05-21 10:22:23.634235+00:00
GateIO,USDT,0.402639614867,0.402639614867,2022-05-21 10:22:23.634235+00:00
GateIO,10SET,8.966032,26.916028064,2022-05-21 10:22:23.634235+00:00
GateIO,SFM,8469.93209818,5.028598686689465,2022-05-21 10:22:23.634235+00:00
GateIO,LSS,274.234885088,50.86234413727136,2022-05-21 10:22:23.634235+00:00
GateIO,ADA,16.840252,8.8924950686,2022-05-21 10:22:23.634235+00:00
GateIO,LUNA,211587.976,23.622951168495998,2022-05-21 10:22:23.634235+00:00
Kucoin,ETH,0.09243092,182.16206179566268,2022-05-21 10:22:23.634235+00:00
Kucoin,DOGE,951.31775893,79.99831762889504,2022-05-21 10:22:23.634235+00:00
Kucoin,DAG,311.68861024,33.57260046928477,2022-05-21 10:22:23.634235+00:00
Kucoin,LUNA,198531.39125899,22.12433824190185,2022-05-21 10:22:23.634235+00:00
Kucoin,HAI,804.3102,19.236260768994,2022-05-21 10:22:23.634235+00:00
Kucoin,HERO,981.28202638,15.23757300049471,2022-05-21 10:22:23.634235+00:00
Kucoin,AMPL,16.80331879,15.250483772651004,2022-05-21 10:22:23.634235+00:00
Kucoin,BLOK,951.98009133,9.193709652815821,2022-05-21 10:22:23.634235+00:00
Kucoin,NAKA,42.60645874,5.560868027497755,2022-05-21 10:22:23.634235+00:00
Kucoin,NTVRK,11.48834642,4.3261902773730245,2022-05-21 10:22:23.634235+00:00
Kucoin,ADA,1,0.52644794,2022-05-21 10:22:23.634235+00:00
Kucoin,1EARTH,0.00004227,4.2658249949999996e-07,2022-05-21 10:22:23.634235+00:00
Kucoin,USDT,0,0.0,2022-05-21 10:22:23.634235+00:00
Binance,BTC,0.00354089,103.91556106371564,2022-05-21 10:22:47.911410+00:00
Binance,ETH,0.10135461,200.17210764425104,2022-05-21 10:22:47.911410+00:00
Binance,USDT,1.45451913,1.45451913,2022-05-21 10:22:47.911410+00:00
Binance,XRP,0.20527000,0.084405238151,2022-05-21 10:22:47.911410+00:00
Binance,ADA,0.79000000,0.41686431650000005,2022-05-21 10:22:47.911410+00:00
Binance,MATIC,18.98100000,12.22105787883,2022-05-21 10:22:47.911410+00:00
Binance,CHZ,299.70000000,35.68635792,2022-05-21 10:22:47.911410+00:00
Binance,ALGO,0.00309000,0.0013258847318999999,2022-05-21 10:22:47.911410+00:00
Binance,DOGE,110.85000000,9.343956644999999,2022-05-21 10:22:47.911410+00:00
Binance,BUSD,0.06203243,0.06203243,2022-05-21 10:22:47.911410+00:00
Binance,EUR,0.04496569,0.047444304502171505,2022-05-21 10:22:47.911410+00:00
Binance,BIDR,74480.44,5.064653510522626,2022-05-21 10:22:47.911410+00:00
Binance,DOT,1.02897000,10.1149533073143,2022-05-21 10:22:47.911410+00:00
Binance,SAND,11.98800000,15.804346473359999,2022-05-21 10:22:47.911410+00:00
Binance,LUNA,2746738.04244000,307.14024790564076,2022-05-21 10:22:47.911410+00:00
Binance,AAVE,0.17982000,16.37607756996,2022-05-21 10:22:47.911410+00:00
Binance,FIL,2.00799000,16.1574237812214,2022-05-21 10:22:47.911410+00:00
Binance,1INCH,9.39060000,8.684579195531999,2022-05-21 10:22:47.911410+00:00
Binance,PHA,30.00000000,3.7821402,2022-05-21 10:22:47.911410+00:00
Binance,LINA,300.00000000,2.6853960000000003,2022-05-21 10:22:47.911410+00:00
Binance,SHIB,1558718.00,18.096715980000003,2022-05-21 10:22:47.911410+00:00
Binance,UST,352.00000000,90.58379616,2022-05-21 10:22:47.911410+00:00
GateIO,ATLAS,382.66314,3.2709279880919997,2022-05-21 10:22:47.911410+00:00
GateIO,KISHU,3489545661.522,2.170497401466684,2022-05-21 10:22:47.911410+00:00
GateIO,DAO,30.253372,52.308080188,2022-05-21 10:22:47.911410+00:00
GateIO,USDG,0.00083975,0.0008275736250000001,2022-05-21 10:22:47.911410+00:00
GateIO,BTRST,100,250.1,2022-05-21 10:22:47.911410+00:00
GateIO,BLOK,582.239188,5.64189773172,2022-05-21 10:22:47.911410+00:00
GateIO,USDT,0.402639614867,0.402639614867,2022-05-21 10:22:47.911410+00:00
GateIO,10SET,8.966032,26.916028064,2022-05-21 10:22:47.911410+00:00
GateIO,SFM,8469.93209818,5.028598686689465,2022-05-21 10:22:47.911410+00:00
GateIO,LSS,274.234885088,50.86234413727136,2022-05-21 10:22:47.911410+00:00
GateIO,ADA,16.840252,8.87380238888,2022-05-21 10:22:47.911410+00:00
GateIO,LUNA,211587.976,23.6132181216,2022-05-21 10:22:47.911410+00:00
Kucoin,ETH,0.09243092,182.155139025701,2022-05-21 10:22:47.911410+00:00
Kucoin,DOGE,951.31775893,79.97782624436769,2022-05-21 10:22:47.911410+00:00
Kucoin,DAG,311.68861024,33.530827961740414,2022-05-21 10:22:47.911410+00:00
Kucoin,LUNA,198531.39125899,22.142206067115154,2022-05-21 10:22:47.911410+00:00
Kucoin,HAI,804.3102,19.238191113474,2022-05-21 10:22:47.911410+00:00
Kucoin,HERO,981.28202638,15.239103800455862,2022-05-21 10:22:47.911410+00:00
Kucoin,AMPL,16.80331879,15.252010858262638,2022-05-21 10:22:47.911410+00:00
Kucoin,BLOK,951.98009133,9.189873173047761,2022-05-21 10:22:47.911410+00:00
Kucoin,NAKA,42.60645874,5.561424893913486,2022-05-21 10:22:47.911410+00:00
Kucoin,NTVRK,11.48834642,4.326623502916523,2022-05-21 10:22:47.911410+00:00
Kucoin,ADA,1,0.52618607,2022-05-21 10:22:47.911410+00:00
Kucoin,1EARTH,0.00004227,4.265829222e-07,2022-05-21 10:22:47.911410+00:00
Kucoin,USDT,0,0.0,2022-05-21 10:22:47.911410+00:00
Binance,BTC,0.00354089,103.88211351725175,2022-05-21 10:23:07.924243+00:00
Binance,ETH,0.10135461,200.14306077624457,2022-05-21 10:23:07.924243+00:00
Binance,USDT,1.45451913,1.45451913,2022-05-21 10:23:07.924243+00:00
Binance,XRP,0.20527000,0.08440544136830001,2022-05-21 10:23:07.924243+00:00
Binance,ADA,0.79000000,0.4168357896,2022-05-21 10:23:07.924243+00:00
Binance,MATIC,18.98100000,12.220046191530002,2022-05-21 10:23:07.924243+00:00
Binance,CHZ,299.70000000,35.684910369,2022-05-21 10:23:07.924243+00:00
Binance,ALGO,0.00309000,0.0013258048553999998,2022-05-21 10:23:07.924243+00:00
Binance,DOGE,110.85000000,9.338516127,2022-05-21 10:23:07.924243+00:00
Binance,BUSD,0.06203243,0.06203243,2022-05-21 10:23:07.924243+00:00
Binance,EUR,0.04496569,0.0474443836417859,2022-05-21 10:23:07.924243+00:00
Binance,BIDR,74480.44,5.064653510522626,2022-05-21 10:23:07.924243+00:00
Binance,DOT,1.02897000,10.1141051067639,2022-05-21 10:23:07.924243+00:00
Binance,SAND,11.98800000,15.8006952882,2022-05-21 10:23:07.924243+00:00
Binance,LUNA,2746738.04244000,307.085313144792,2022-05-21 10:23:07.924243+00:00
Binance,AAVE,0.17982000,16.3742157082854,2022-05-21 10:23:07.924243+00:00
Binance,FIL,2.00799000,16.1489451036861,2022-05-21 10:23:07.924243+00:00
Binance,1INCH,9.39060000,8.684579195531999,2022-05-21 10:23:07.924243+00:00
Binance,PHA,30.00000000,3.7821402,2022-05-21 10:23:07.924243+00:00
Binance,LINA,300.00000000,2.685192,2022-05-21 10:23:07.924243+00:00
Binance,SHIB,1558718.00,18.096715980000003,2022-05-21 10:23:07.924243+00:00
Binance,UST,352.00000000,90.58379616,2022-05-21 10:23:07.924243+00:00
GateIO,ATLAS,382.66314,3.2709662544060003,2022-05-21 10:23:07.924243+00:00
GateIO,KISHU,3489545661.522,2.170497401466684,2022-05-21 10:23:07.924243+00:00
GateIO,DAO,30.253372,52.308080188,2022-05-21 10:23:07.924243+00:00
GateIO,USDG,0.00083975,0.0008275736250000001,2022-05-21 10:23:07.924243+00:00
GateIO,BTRST,100,250.1,2022-05-21 10:23:07.924243+00:00
GateIO,BLOK,582.239188,5.64189773172,2022-05-21 10:23:07.924243+00:00
GateIO,USDT,0.402639614867,0.402639614867,2022-05-21 10:23:07.924243+00:00
GateIO,10SET,8.966032,26.916028064,2022-05-21 10:23:07.924243+00:00
GateIO,SFM,8469.93209818,5.026904700269829,2022-05-21 10:23:07.924243+00:00
GateIO,LSS,274.234885088,50.86234413727136,2022-05-21 10:23:07.924243+00:00
GateIO,ADA,16.840252,8.86959232588,2022-05-21 10:23:07.924243+00:00
GateIO,LUNA,211587.976,23.6132181216,2022-05-21 10:23:07.924243+00:00
Kucoin,ETH,0.09243092,182.0542735938433,2022-05-21 10:23:07.924243+00:00
Kucoin,DOGE,951.31775893,79.9698161488375,2022-05-21 10:23:07.924243+00:00
Kucoin,DAG,311.68861024,33.44498891848032,2022-05-21 10:23:07.924243+00:00
Kucoin,LUNA,198531.39125899,22.070734766261918,2022-05-21 10:23:07.924243+00:00
Kucoin,HAI,804.3102,19.252322843688,2022-05-21 10:23:07.924243+00:00
Kucoin,HERO,981.28202638,15.23757300049471,2022-05-21 10:23:07.924243+00:00
Kucoin,AMPL,16.80331879,15.250483772651004,2022-05-21 10:23:07.924243+00:00
Kucoin,BLOK,951.98009133,9.190853712541832,2022-05-21 10:23:07.924243+00:00
Kucoin,NAKA,42.60645874,5.5055571748906615,2022-05-21 10:23:07.924243+00:00
Kucoin,NTVRK,11.48834642,4.3261902773730245,2022-05-21 10:23:07.924243+00:00
Kucoin,ADA,1,0.52587674,2022-05-21 10:23:07.924243+00:00
Kucoin,1EARTH,0.00004227,4.265402295e-07,2022-05-21 10:23:07.924243+00:00
Kucoin,USDT,0,0.0,2022-05-21 10:23:07.924243+00:00
Binance,BTC,0.00354089,103.8502659387536,2022-05-21 10:23:39.572023+00:00
Binance,ETH,0.10135461,200.0996019121082,2022-05-21 10:23:39.572023+00:00
Binance,USDT,1.45451913,1.45451913,2022-05-21 10:23:39.572023+00:00
Binance,XRP,0.20527000,0.0844080729297,2022-05-21 10:23:39.572023+00:00
Binance,ADA,0.79000000,0.41685997150000004,2022-05-21 10:23:39.572023+00:00
Binance,MATIC,18.98100000,12.217228841700003,2022-05-21 10:23:39.572023+00:00
Binance,CHZ,299.70000000,35.684176104,2022-05-21 10:23:39.572023+00:00
Binance,ALGO,0.00309000,0.0013254749361,2022-05-21 10:23:39.572023+00:00
Binance,DOGE,110.85000000,9.3326222325,2022-05-21 10:23:39.572023+00:00
Binance,BUSD,0.06203243,0.06203243,2022-05-21 10:23:39.572023+00:00
Binance,EUR,0.04496569,0.047444141726373706,2022-05-21 10:23:39.572023+00:00
Binance,BIDR,74480.44,5.064636290815029,2022-05-21 10:23:39.572023+00:00
Binance,DOT,1.02897000,10.112243092941599,2022-05-21 10:23:39.572023+00:00
Binance,SAND,11.98800000,15.78708255456,2022-05-21 10:23:39.572023+00:00
Binance,LUNA,2746738.04244000,306.89304148182123,2022-05-21 10:23:39.572023+00:00
Binance,AAVE,0.17982000,16.369843899270602,2022-05-21 10:23:39.572023+00:00
Binance,FIL,2.00799000,16.143544373622298,2022-05-21 10:23:39.572023+00:00
Binance,1INCH,9.39060000,8.684579195531999,2022-05-21 10:23:39.572023+00:00
Binance,PHA,30.00000000,3.7795794,2022-05-21 10:23:39.572023+00:00
Binance,LINA,300.00000000,2.685192,2022-05-21 10:23:39.572023+00:00
Binance,SHIB,1558718.00,18.081128800000002,2022-05-21 10:23:39.572023+00:00
Binance,UST,352.00000000,90.58379616,2022-05-21 10:23:39.572023+00:00
GateIO,ATLAS,382.66314,3.2698565313000003,2022-05-21 10:23:39.572023+00:00
GateIO,KISHU,3489545661.522,2.170497401466684,2022-05-21 10:23:39.572023+00:00
GateIO,DAO,30.253372,52.308080188,2022-05-21 10:23:39.572023+00:00
GateIO,USDG,0.00083975,0.0008275736250000001,2022-05-21 10:23:39.572023+00:00
GateIO,BTRST,100,250.1,2022-05-21 10:23:39.572023+00:00
GateIO,BLOK,582.239188,5.64189773172,2022-05-21 10:23:39.572023+00:00
GateIO,USDT,0.402639614867,0.402639614867,2022-05-21 10:23:39.572023+00:00
GateIO,10SET,8.966032,26.916028064,2022-05-21 10:23:39.572023+00:00
GateIO,SFM,8469.93209818,5.026904700269829,2022-05-21 10:23:39.572023+00:00
GateIO,LSS,274.234885088,50.86234413727136,2022-05-21 10:23:39.572023+00:00
GateIO,ADA,16.840252,8.86908711832,2022-05-21 10:23:39.572023+00:00
GateIO,LUNA,211587.976,23.549741728799997,2022-05-21 10:23:39.572023+00:00
Kucoin,ETH,0.09243092,181.87490977696655,2022-05-21 10:23:39.572023+00:00
Kucoin,DOGE,951.31775893,79.95081833319166,2022-05-21 10:23:39.572023+00:00
Kucoin,DAG,311.68861024,33.44498891848032,2022-05-21 10:23:39.572023+00:00
Kucoin,LUNA,198531.39125899,22.096543847125588,2022-05-21 10:23:39.572023+00:00
Kucoin,HAI,804.3102,19.252322843688,2022-05-21 10:23:39.572023+00:00
Kucoin,HERO,981.28202638,15.23757300049471,2022-05-21 10:23:39.572023+00:00
Kucoin,AMPL,16.80331879,15.250483772651004,2022-05-21 10:23:39.572023+00:00
Kucoin,BLOK,951.98009133,9.182304931321688,2022-05-21 10:23:39.572023+00:00
Kucoin,NAKA,42.60645874,5.53108526070932,2022-05-21 10:23:39.572023+00:00
Kucoin,NTVRK,11.48834642,4.3261902773730245,2022-05-21 10:23:39.572023+00:00
Kucoin,ADA,1,0.5261204,2022-05-21 10:23:39.572023+00:00
Kucoin,1EARTH,0.00004227,4.264138422e-07,2022-05-21 10:23:39.572023+00:00
Kucoin,USDT,0,0.0,2022-05-21 10:23:39.572023+00:00
Binance,BTC,0.00354089,103.84017666530721,2022-05-21 10:24:00.852717+00:00
Binance,ETH,0.10135461,199.92946942292753,2022-05-21 10:24:00.852717+00:00
Binance,USDT,1.45451913,1.45451913,2022-05-21 10:24:00.852717+00:00
Binance,XRP,0.20527000,0.08439362192170001,2022-05-21 10:24:00.852717+00:00
Binance,ADA,0.79000000,0.4167161441000001,2022-05-21 10:24:00.852717+00:00
Binance,MATIC,18.98100000,12.217228841700003,2022-05-21 10:24:00.852717+00:00
Binance,CHZ,299.70000000,35.680247037,2022-05-21 10:24:00.852717+00:00
Binance,ALGO,0.00309000,0.0013249171292999999,2022-05-21 10:24:00.852717+00:00
Binance,DOGE,110.85000000,9.332452631999999,2022-05-21 10:24:00.852717+00:00
Binance,BUSD,0.06203243,0.06203243,2022-05-21 10:24:00.852717+00:00
Binance,EUR,0.04496569,0.047444311247025,2022-05-21 10:24:00.852717+00:00
Binance,BIDR,74480.44,5.064629402964776,2022-05-21 10:24:00.852717+00:00
Binance,DOT,1.02897000,10.0978558183179,2022-05-21 10:24:00.852717+00:00
Binance,SAND,11.98800000,15.779672292239999,2022-05-21 10:24:00.852717+00:00
Binance,LUNA,2746738.04244000,306.673302438426,2022-05-21 10:24:00.852717+00:00
Binance,AAVE,0.17982000,16.3650726381078,2022-05-21 10:24:00.852717+00:00
Binance,FIL,2.00799000,16.136751122573397,2022-05-21 10:24:00.852717+00:00
Binance,1INCH,9.39060000,8.684579195531999,2022-05-21 10:24:00.852717+00:00
Binance,PHA,30.00000000,3.7795794,2022-05-21 10:24:00.852717+00:00
Binance,LINA,300.00000000,2.685192,2022-05-21 10:24:00.852717+00:00
Binance,SHIB,1558718.00,18.081128800000002,2022-05-21 10:24:00.852717+00:00
Binance,UST,352.00000000,90.58379616,2022-05-21 10:24:00.852717+00:00
GateIO,ATLAS,382.66314,3.2698565313000003,2022-05-21 10:24:00.852717+00:00
GateIO,KISHU,3489545661.522,2.170497401466684,2022-05-21 10:24:00.852717+00:00
GateIO,DAO,30.253372,52.308080188,2022-05-21 10:24:00.852717+00:00
GateIO,USDG,0.00083975,0.0008275736250000001,2022-05-21 10:24:00.852717+00:00
GateIO,BTRST,100,250.1,2022-05-21 10:24:00.852717+00:00
GateIO,BLOK,582.239188,5.64189773172,2022-05-21 10:24:00.852717+00:00
GateIO,USDT,0.402639614867,0.402639614867,2022-05-21 10:24:00.852717+00:00
GateIO,10SET,8.966032,26.916028064,2022-05-21 10:24:00.852717+00:00
GateIO,SFM,8469.93209818,5.026904700269829,2022-05-21 10:24:00.852717+00:00
GateIO,LSS,274.234885088,50.86234413727136,2022-05-21 10:24:00.852717+00:00
GateIO,ADA,16.840252,8.869423923360001,2022-05-21 10:24:00.852717+00:00
GateIO,LUNA,211587.976,23.618719408976002,2022-05-21 10:24:00.852717+00:00
Kucoin,ETH,0.09243092,182.02555161345975,2022-05-21 10:24:00.852717+00:00
Kucoin,DOGE,951.31775893,79.99831762889504,2022-05-21 10:24:00.852717+00:00
Kucoin,DAG,311.68861024,33.44498891848032,2022-05-21 10:24:00.852717+00:00
Kucoin,LUNA,198531.39125899,22.10249978886336,2022-05-21 10:24:00.852717+00:00
Kucoin,HAI,804.3102,19.260357902586,2022-05-21 10:24:00.852717+00:00
Kucoin,HERO,981.28202638,15.257169202561517,2022-05-21 10:24:00.852717+00:00
Kucoin,AMPL,16.80331879,15.250483772651004,2022-05-21 10:24:00.852717+00:00
Kucoin,BLOK,951.98009133,9.18325691141302,2022-05-21 10:24:00.852717+00:00
Kucoin,NAKA,42.60645874,5.526830579739544,2022-05-21 10:24:00.852717+00:00
Kucoin,NTVRK,11.48834642,4.312423562091011,2022-05-21 10:24:00.852717+00:00
Kucoin,ADA,1,0.5269043,2022-05-21 10:24:00.852717+00:00
Kucoin,1EARTH,0.00004227,4.264138422e-07,2022-05-21 10:24:00.852717+00:00
Kucoin,USDT,0,0.0,2022-05-21 10:24:00.852717+00:00
Binance,BTC,0.00354089,103.8199090306135,2022-05-21 10:24:27.212645+00:00
Binance,ETH,0.10135461,199.89175232177274,2022-05-21 10:24:27.212645+00:00
Binance,USDT,1.45451913,1.45451913,2022-05-21 10:24:27.212645+00:00
Binance,XRP,0.20527000,0.0843606842975,2022-05-21 10:24:27.212645+00:00
Binance,ADA,0.79000000,0.41661932960000003,2022-05-21 10:24:27.212645+00:00
Binance,MATIC,18.98100000,12.21539129109,2022-05-21 10:24:27.212645+00:00
Binance,CHZ,299.70000000,35.669295999,2022-05-21 10:24:27.212645+00:00
Binance,ALGO,0.00309000,0.0013247988749999998,2022-05-21 10:24:27.212645+00:00
Binance,DOGE,110.85000000,9.3328372815,2022-05-21 10:24:27.212645+00:00
Binance,BUSD,0.06203243,0.06203243,2022-05-21 10:24:27.212645+00:00
Binance,EUR,0.04496569,0.047448799272543904,2022-05-21 10:24:27.212645+00:00
Binance,BIDR,74480.44,5.064612183421109,2022-05-21 10:24:27.212645+00:00
Binance,DOT,1.02897000,10.096748039505599,2022-05-21 10:24:27.212645+00:00
Binance,SAND,11.98800000,15.7740303798,2022-05-21 10:24:27.212645+00:00
Binance,LUNA,2746738.04244000,306.398628634182,2022-05-21 10:24:27.212645+00:00
Binance,AAVE,0.17982000,16.363022824972802,2022-05-21 10:24:27.212645+00:00
Binance,FIL,2.00799000,16.1318593175751,2022-05-21 10:24:27.212645+00:00
Binance,1INCH,9.39060000,8.682512230566,2022-05-21 10:24:27.212645+00:00
Binance,PHA,30.00000000,3.7777871999999997,2022-05-21 10:24:27.212645+00:00
Binance,LINA,300.00000000,2.684625,2022-05-21 10:24:27.212645+00:00
Binance,SHIB,1558718.00,18.06554162,2022-05-21 10:24:27.212645+00:00
Binance,UST,352.00000000,90.58379616,2022-05-21 10:24:27.212645+00:00
GateIO,ATLAS,382.66314,3.2698565313000003,2022-05-21 10:24:27.212645+00:00
GateIO,KISHU,3489545661.522,2.170497401466684,2022-05-21 10:24:27.212645+00:00
GateIO,DAO,30.253372,52.3111055252,2022-05-21 10:24:27.212645+00:00
GateIO,USDG,0.00083975,0.0008275736250000001,2022-05-21 10:24:27.212645+00:00
GateIO,BTRST,100,250.1,2022-05-21 10:24:27.212645+00:00
GateIO,BLOK,582.239188,5.65936490736,2022-05-21 10:24:27.212645+00:00
GateIO,USDT,0.402639614867,0.402639614867,2022-05-21 10:24:27.212645+00:00
GateIO,10SET,8.966032,26.916028064,2022-05-21 10:24:27.212645+00:00
GateIO,SFM,8469.93209818,5.026904700269829,2022-05-21 10:24:27.212645+00:00
GateIO,LSS,274.234885088,50.86234413727136,2022-05-21 10:24:27.212645+00:00
GateIO,ADA,16.840252,8.88171730732,2022-05-21 10:24:27.212645+00:00
GateIO,LUNA,211587.976,23.557358895936,2022-05-21 10:24:27.212645+00:00
Kucoin,ETH,0.09243092,182.02555161345975,2022-05-21 10:24:27.212645+00:00
Kucoin,DOGE,951.31775893,80.01731544454088,2022-05-21 10:24:27.212645+00:00
Kucoin,DAG,311.68861024,33.44498891848032,2022-05-21 10:24:27.212645+00:00
Kucoin,LUNA,198531.39125899,22.132279497552204,2022-05-21 10:24:27.212645+00:00
Kucoin,HAI,804.3102,19.268384918382,2022-05-21 10:24:27.212645+00:00
Kucoin,HERO,981.28202638,15.257169202561517,2022-05-21 10:24:27.212645+00:00
Kucoin,AMPL,16.80331879,15.250483772651004,2022-05-21 10:24:27.212645+00:00
Kucoin,BLOK,951.98009133,9.205114374309955,2022-05-21 10:24:27.212645+00:00
Kucoin,NAKA,42.60645874,5.526830579739544,2022-05-21 10:24:27.212645+00:00
Kucoin,NTVRK,11.48834642,4.312423562091011,2022-05-21 10:24:27.212645+00:00
Kucoin,ADA,1,0.52679645,2022-05-21 10:24:27.212645+00:00
Kucoin,1EARTH,0.00004227,4.265402295e-07,2022-05-21 10:24:27.212645+00:00
Kucoin,USDT,0,0.0,2022-05-21 10:24:27.212645+00:00
Binance,BTC,0.00354089,103.81944577540825,2022-05-21 10:24:51.647024+00:00
Binance,ETH,0.10135461,199.88297889848252,2022-05-21 10:24:51.647024+00:00
Binance,USDT,1.45451913,1.45451913,2022-05-21 10:24:51.647024+00:00
Binance,XRP,0.20527000,0.08436049544910001,2022-05-21 10:24:51.647024+00:00
Binance,ADA,0.79000000,0.4166057811,2022-05-21 10:24:51.647024+00:00
Binance,MATIC,18.98100000,12.21529562685,2022-05-21 10:24:51.647024+00:00
Binance,CHZ,299.70000000,35.667938358,2022-05-21 10:24:51.647024+00:00
Binance,ALGO,0.00309000,0.0013247851863,2022-05-21 10:24:51.647024+00:00
Binance,DOGE,110.85000000,9.332825088,2022-05-21 10:24:51.647024+00:00
Binance,BUSD,0.06203243,0.06203243,2022-05-21 10:24:51.647024+00:00
Binance,EUR,0.04496569,0.0474482524897535,2022-05-21 10:24:51.647024+00:00
Binance,BIDR,74480.44,5.064739610817045,2022-05-21 10:24:51.647024+00:00
Binance,DOT,1.02897000,10.096748039505599,2022-05-21 10:24:51.647024+00:00
Binance,SAND,11.98800000,15.7698327816,2022-05-21 10:24:51.647024+00:00
Binance,LUNA,2746738.04244000,306.26129173206,2022-05-21 10:24:51.647024+00:00
Binance,AAVE,0.17982000,16.3625701011498,2022-05-21 10:24:51.647024+00:00
Binance,FIL,2.00799000,16.131473281497602,2022-05-21 10:24:51.647024+00:00
Binance,1INCH,9.39060000,8.682512230566,2022-05-21 10:24:51.647024+00:00
Binance,PHA,30.00000000,3.7777871999999997,2022-05-21 10:24:51.647024+00:00
Binance,LINA,300.00000000,2.684514,2022-05-21 10:24:51.647024+00:00
Binance,SHIB,1558718.00,18.06554162,2022-05-21 10:24:51.647024+00:00
Binance,UST,352.00000000,90.58379616,2022-05-21 10:24:51.647024+00:00
GateIO,ATLAS,382.66314,3.2698565313000003,2022-05-21 10:24:51.647024+00:00
GateIO,KISHU,3489545661.522,2.170497401466684,2022-05-21 10:24:51.647024+00:00
GateIO,DAO,30.253372,52.3111055252,2022-05-21 10:24:51.647024+00:00
GateIO,USDG,0.00083975,0.0008275736250000001,2022-05-21 10:24:51.647024+00:00
GateIO,BTRST,100,250.1,2022-05-21 10:24:51.647024+00:00
GateIO,BLOK,582.239188,5.65936490736,2022-05-21 10:24:51.647024+00:00
GateIO,USDT,0.402639614867,0.402639614867,2022-05-21 10:24:51.647024+00:00
GateIO,10SET,8.966032,26.916028064,2022-05-21 10:24:51.647024+00:00
GateIO,SFM,8469.93209818,5.026904700269829,2022-05-21 10:24:51.647024+00:00
GateIO,LSS,274.234885088,50.86234413727136,2022-05-21 10:24:51.647024+00:00
GateIO,ADA,16.840252,8.88020168464,2022-05-21 10:24:51.647024+00:00
GateIO,LUNA,211587.976,23.644321554072,2022-05-21 10:24:51.647024+00:00
Kucoin,ETH,0.09243092,181.86415918657403,2022-05-21 10:24:51.647024+00:00
Kucoin,DOGE,951.31775893,79.99831762889504,2022-05-21 10:24:51.647024+00:00
Kucoin,DAG,311.68861024,33.44498891848032,2022-05-21 10:24:51.647024+00:00
Kucoin,LUNA,198531.39125899,22.150147322765516,2022-05-21 10:24:51.647024+00:00
Kucoin,HAI,804.3102,19.27641997728,2022-05-21 10:24:51.647024+00:00
Kucoin,HERO,981.28202638,15.257169202561517,2022-05-21 10:24:51.647024+00:00
Kucoin,AMPL,16.80331879,15.250483772651004,2022-05-21 10:24:51.647024+00:00
Kucoin,BLOK,951.98009133,9.225077396825146,2022-05-21 10:24:51.647024+00:00
Kucoin,NAKA,42.60645874,5.526830579739544,2022-05-21 10:24:51.647024+00:00
Kucoin,NTVRK,11.48834642,4.318159693458516,2022-05-21 10:24:51.647024+00:00
Kucoin,ADA,1,0.52637704,2022-05-21 10:24:51.647024+00:00
Kucoin,1EARTH,0.00004227,4.2658249949999996e-07,2022-05-21 10:24:51.647024+00:00
Kucoin,USDT,0,0.0,2022-05-21 10:24:51.647024+00:00
Binance,BTC,0.00354089,103.81152865236342,2022-05-21 10:25:18.701837+00:00
Binance,ETH,0.10135461,199.87363654034638,2022-05-21 10:25:18.701837+00:00
Binance,USDT,1.45451913,1.45451913,2022-05-21 10:25:18.701837+00:00
Binance,XRP,0.20527000,0.0843551502183,2022-05-21 10:25:18.701837+00:00
Binance,ADA,0.79000000,0.41657680389999996,2022-05-21 10:25:18.701837+00:00
Binance,MATIC,18.98100000,12.21418922436,2022-05-21 10:25:18.701837+00:00
Binance,CHZ,299.70000000,35.632885446,2022-05-21 10:25:18.701837+00:00
Binance,ALGO,0.00309000,0.001324777554,2022-05-21 10:25:18.701837+00:00
Binance,DOGE,110.85000000,9.332757469499999,2022-05-21 10:25:18.701837+00:00
Binance,BUSD,0.06203243,0.06203243,2022-05-21 10:25:18.701837+00:00
Binance,EUR,0.04496569,0.047447044261663206,2022-05-21 10:25:18.701837+00:00
Binance,BIDR,74480.44,5.064667286373012,2022-05-21 10:25:18.701837+00:00
Binance,DOT,1.02897000,10.0961200694043,2022-05-21 10:25:18.701837+00:00
Binance,SAND,11.98800000,15.75590847984,2022-05-21 10:25:18.701837+00:00
Binance,LUNA,2746738.04244000,306.1514222103624,2022-05-21 10:25:18.701837+00:00
Binance,AAVE,0.17982000,16.3620148853214,2022-05-21 10:25:18.701837+00:00
Binance,FIL,2.00799000,16.1306598648285,2022-05-21 10:25:18.701837+00:00
Binance,1INCH,9.39060000,8.68182990957,2022-05-21 10:25:18.701837+00:00
Binance,PHA,30.00000000,3.7777871999999997,2022-05-21 10:25:18.701837+00:00
Binance,LINA,300.00000000,2.68428,2022-05-21 10:25:18.701837+00:00
Binance,SHIB,1558718.00,18.06554162,2022-05-21 10:25:18.701837+00:00
Binance,UST,352.00000000,90.58379616,2022-05-21 10:25:18.701837+00:00
GateIO,ATLAS,382.66314,3.2698565313000003,2022-05-21 10:25:18.701837+00:00
GateIO,KISHU,3489545661.522,2.170497401466684,2022-05-21 10:25:18.701837+00:00
GateIO,DAO,30.253372,52.3111055252,2022-05-21 10:25:18.701837+00:00
GateIO,USDG,0.00083975,0.0008275736250000001,2022-05-21 10:25:18.701837+00:00
GateIO,BTRST,100,250.1,2022-05-21 10:25:18.701837+00:00
GateIO,BLOK,582.239188,5.65936490736,2022-05-21 10:25:18.701837+00:00
GateIO,USDT,0.402639614867,0.402639614867,2022-05-21 10:25:18.701837+00:00
GateIO,10SET,8.966032,26.916028064,2022-05-21 10:25:18.701837+00:00
GateIO,SFM,8469.93209818,5.027751693479647,2022-05-21 10:25:18.701837+00:00
GateIO,LSS,274.234885088,50.86234413727136,2022-05-21 10:25:18.701837+00:00
GateIO,ADA,16.840252,8.88020168464,2022-05-21 10:25:18.701837+00:00
GateIO,LUNA,211587.976,23.670770051072,2022-05-21 10:25:18.701837+00:00
Kucoin,ETH,0.09243092,181.87849358993597,2022-05-21 10:25:18.701837+00:00
Kucoin,DOGE,951.31775893,79.95081833319166,2022-05-21 10:25:18.701837+00:00
Kucoin,DAG,311.68861024,33.44498891848032,2022-05-21 10:25:18.701837+00:00
Kucoin,LUNA,198531.39125899,22.187868287104724,2022-05-21 10:25:18.701837+00:00
Kucoin,HAI,804.3102,19.292482051974,2022-05-21 10:25:18.701837+00:00
Kucoin,HERO,981.28202638,15.257169202561517,2022-05-21 10:25:18.701837+00:00
Kucoin,AMPL,16.80331879,15.250483772651004,2022-05-21 10:25:18.701837+00:00
Kucoin,BLOK,951.98009133,9.226981357007807,2022-05-21 10:25:18.701837+00:00
Kucoin,NAKA,42.60645874,5.552358665558202,2022-05-21 10:25:18.701837+00:00
Kucoin,NTVRK,11.48834642,4.310129109544008,2022-05-21 10:25:18.701837+00:00
Kucoin,ADA,1,0.52635108,2022-05-21 10:25:18.701837+00:00
Kucoin,1EARTH,0.00004227,4.2658249949999996e-07,2022-05-21 10:25:18.701837+00:00
Kucoin,USDT,0,0.0,2022-05-21 10:25:18.701837+00:00
Binance,BTC,0.00354089,103.80583287681037,2022-05-21 10:25:41.234140+00:00
Binance,ETH,0.10135461,199.85665549776783,2022-05-21 10:25:41.234140+00:00
Binance,USDT,1.45451913,1.45451913,2022-05-21 10:25:41.234140+00:00
Binance,XRP,0.20527000,0.0843459028048,2022-05-21 10:25:41.234140+00:00
Binance,ADA,0.79000000,0.4164804476,2022-05-21 10:25:41.234140+00:00
Binance,MATIC,18.98100000,12.20855945976,2022-05-21 10:25:41.234140+00:00
Binance,CHZ,299.70000000,35.630745587999996,2022-05-21 10:25:41.234140+00:00
Binance,ALGO,0.00309000,0.0013246566423,2022-05-21 10:25:41.234140+00:00
Binance,DOGE,110.85000000,9.3277758705,2022-05-21 10:25:41.234140+00:00
Binance,BUSD,0.06203243,0.06203243,2022-05-21 10:25:41.234140+00:00
Binance,EUR,0.04496569,0.0474477659609877,2022-05-21 10:25:41.234140+00:00
Binance,BIDR,74480.44,5.064670730347317,2022-05-21 10:25:41.234140+00:00
Binance,DOT,1.02897000,10.091690940067199,2022-05-21 10:25:41.234140+00:00
Binance,SAND,11.98800000,15.7472437932,2022-05-21 10:25:41.234140+00:00
Binance,LUNA,2746738.04244000,306.1514222103624,2022-05-21 10:25:41.234140+00:00
Binance,AAVE,0.17982000,16.3606940606682,2022-05-21 10:25:41.234140+00:00
Binance,FIL,2.00799000,16.130561734357197,2022-05-21 10:25:41.234140+00:00
Binance,1INCH,9.39060000,8.675314335665998,2022-05-21 10:25:41.234140+00:00
Binance,PHA,30.00000000,3.7777871999999997,2022-05-21 10:25:41.234140+00:00
Binance,LINA,300.00000000,2.683587,2022-05-21 10:25:41.234140+00:00
Binance,SHIB,1558718.00,18.06554162,2022-05-21 10:25:41.234140+00:00
Binance,UST,352.00000000,90.58379616,2022-05-21 10:25:41.234140+00:00
GateIO,ATLAS,382.66314,3.2698565313000003,2022-05-21 10:25:41.234140+00:00
GateIO,KISHU,3489545661.522,2.170497401466684,2022-05-21 10:25:41.234140+00:00
GateIO,DAO,30.253372,52.323206874,2022-05-21 10:25:41.234140+00:00
GateIO,USDG,0.00083975,0.0008275736250000001,2022-05-21 10:25:41.234140+00:00
GateIO,BTRST,100,250.1,2022-05-21 10:25:41.234140+00:00
GateIO,BLOK,582.239188,5.65354251548,2022-05-21 10:25:41.234140+00:00
GateIO,USDT,0.402639614867,0.402639614867,2022-05-21 10:25:41.234140+00:00
GateIO,10SET,8.966032,26.916028064,2022-05-21 10:25:41.234140+00:00
GateIO,SFM,8469.93209818,5.027751693479647,2022-05-21 10:25:41.234140+00:00
GateIO,LSS,274.234885088,50.86234413727136,2022-05-21 10:25:41.234140+00:00
GateIO,ADA,16.840252,8.88020168464,2022-05-21 10:25:41.234140+00:00
GateIO,LUNA,211587.976,23.641147734432,2022-05-21 10:25:41.234140+00:00
Kucoin,ETH,0.09243092,181.88207754432474,2022-05-21 10:25:41.234140+00:00
Kucoin,DOGE,951.31775893,79.91281318872241,2022-05-21 10:25:41.234140+00:00
Kucoin,DAG,311.68861024,33.44498891848032,2022-05-21 10:25:41.234140+00:00
Kucoin,LUNA,198531.39125899,22.179927031454362,2022-05-21 10:25:41.234140+00:00
Kucoin,HAI,804.3102,19.292482051974,2022-05-21 10:25:41.234140+00:00
Kucoin,HERO,981.28202638,15.19838059636109,2022-05-21 10:25:41.234140+00:00
Kucoin,AMPL,16.80331879,15.250483772651004,2022-05-21 10:25:41.234140+00:00
Kucoin,BLOK,951.98009133,9.225077396825146,2022-05-21 10:25:41.234140+00:00
Kucoin,NAKA,42.60645874,5.526830579739544,2022-05-21 10:25:41.234140+00:00
Kucoin,NTVRK,11.48834642,4.310129109544008,2022-05-21 10:25:41.234140+00:00
Kucoin,ADA,1,0.52632411,2022-05-21 10:25:41.234140+00:00
Kucoin,1EARTH,0.00004227,4.2658249949999996e-07,2022-05-21 10:25:41.234140+00:00
Kucoin,USDT,0,0.0,2022-05-21 10:25:41.234140+00:00
